name,group,value
Sports,Sports,24441
Entertainment,Entertainment,22726
Politics,Politics,21827
Health,Health,21760
Food,Food,21470
Environment,Environment,20955
History,History,20940
Education,Education,20937
Science,Science,20703
Inequality,Inequality,20675
Technology,Technology,20604
Economy,Economy,20536
Climate change ,Climate change ,20399
football,football,5405
college life,college life,1558
sport,sport,1541
calcio,calcio,1432
india,india,1336
bollywood,bollywood,1304
the conversation,the conversation,1234
news,news,1208
books,books,1156
nature,nature,1123
hollywood,hollywood,1120
serie a,serie a,1027
sfsarsd,sfsarsd,929
chintan,chintan,820
#pixstory,#pixstory,770
music,music,729
photography,photography,715
juventus,juventus,650
italy,italy,622
nba,nba,621
premier league,premier league,615
manchester united,manchester united,613
cricket,cricket,610
arsenal,arsenal,606
bollywood news,bollywood news,589
usa,usa,553
tennis,tennis,544
bollywood gossip,bollywood gossip,530
kashmir,kashmir,529
australia,australia,527
bollywood life,bollywood life,527
mental health,mental health,524
soccer,soccer,524
bollywood movies,bollywood movies,521
bollywood music,bollywood music,514
covid 19,covid 19,504
events,events,495
bollywood style,bollywood style,493
psg,psg,491
afghanistan,afghanistan,491
bollywood movie,bollywood movie,490
bollywood fashion,bollywood fashion,487
ukraine,ukraine,486
love,love,483
shareyaarnow,shareyaarnow,480
fashion,fashion,472
event marketing,event marketing,472
russia,russia,461
football ‚öΩÔ∏è,football ‚öΩÔ∏è,458
bollywood dance,bollywood dance,453
basketball,basketball,430
travel,travel,411
poetry,poetry,406
chelsea,chelsea,394
movies,movies,384
real madrid,real madrid,379
nature photography,nature photography,378
nssdrc,nssdrc,371
kashmir valley,kashmir valley,367
newsdrum,newsdrum,364
art,art,342
aadhaar,aadhaar,337
reading,reading,317
liverpool,liverpool,317
event ideas,event ideas,309
taliban government,taliban government,307
f1,f1,298
enactusvitc,enactusvitc,298
#healthylifestyle,#healthylifestyle,290
alt news,alt news,288
#health,#health,285
calciomercato,calciomercato,284
tripura,tripura,281
uefa,uefa,279
foodie,foodie,274
memes,memes,271
movie,movie,268
#bollywood,#bollywood,266
barcelona,barcelona,265
preview,preview,258
bangladesh,bangladesh,255
fashion news,fashion news,253
chill lover radio,chill lover radio,251
#bollywood celebrities,#bollywood celebrities,251
premierleague,premierleague,248
#bollywood #legend,#bollywood #legend,247
champions league,champions league,244
english premier league,english premier league,241
fifa,fifa,238
pixstory,pixstory,236
drama,drama,235
sky,sky,233
ukraine invasion,ukraine invasion,232
manchester city,manchester city,231
jammu and kashmir,jammu and kashmir,229
inter,inter,229
#bollywood movie,#bollywood movie,229
lifestyle,lifestyle,226
transgender,transgender,225
motogp,motogp,222
diet,diet,220
cristiano ronaldo,cristiano ronaldo,219
milan,milan,219
joe biden,joe biden,218
life,life,216
la lakers,la lakers,216
transgender rights,transgender rights,211
romance,romance,210
ukraine war,ukraine war,210
culture,culture,209
entertainment,entertainment,208
anime,anime,205
africa,africa,202
england,england,199
mental health awareness,mental health awareness,197
transgender community,transgender community,195
formula 1,formula 1,195
netflix,netflix,194
literature,literature,194
bestmediainfo,bestmediainfo,194
#bollywoodl,#bollywoodl,193
narendra modi,narendra modi,192
climate change,climate change,188
nasa,nasa,187
wow womaniya,wow womaniya,187
united states,united states,184
inspirix,inspirix,184
kdrama,kdrama,182
assam,assam,181
#bollywoodmusic,#bollywoodmusic,180
delhi,delhi,177
ciclismo,ciclismo,177
featured,featured,176
sunset,sunset,174
donald trump,donald trump,173
women empowerment,women empowerment,172
lgbtq+,lgbtq+,171
covid,covid,171
nationalgames,nationalgames,171
marvel,marvel,167
gaming,gaming,167
tourism,tourism,166
france,france,163
bts,bts,163
webtoon,webtoon,163
independence day,independence day,162
friends,friends,161
flowers,flowers,160
roma,roma,159
k-drama,k-drama,159
nationalgames2022,nationalgames2022,158
lgbtqia+,lgbtqia+,157
diabetes,diabetes,157
rajdhani,rajdhani,157
college fest,college fest,155
#football,#football,155
trans youth,trans youth,149
napoli,napoli,149
uddham,uddham,149
srcc,srcc,149
covid-19,covid-19,147
canada,canada,147
a question of pride,a question of pride,145
nationalgamesofindia,nationalgamesofindia,145
vikas vaibhav,vikas vaibhav,145
feminism,feminism,144
rajguru,rajguru,143
amrish ranjan pandey,amrish ranjan pandey,142
#article14live,#article14live,142
book,book,141
enactusshiv,enactusshiv,141
silent pages,silent pages,140
the probe,the probe,138
south korea,south korea,138
#health research,#health research,138
goa,goa,137
la liga,la liga,137
lgbtq,lgbtq,136
pakistan,pakistan,136
analysis,analysis,136
looking back,looking back,136
#sfsarsd,#sfsarsd,134
college,college,133
avisha,avisha,133
lgbt,lgbt,132
beauty,beauty,132
italia,italia,132
friendshipday22,friendshipday22,132
ucraina,ucraina,132
aagaaz,aagaaz,132
#bolly,#bolly,132
china,china,131
fashion trends,fashion trends,131
congress,congress,130
bjp,bjp,130
funny memes,funny memes,130
united kingdom,united kingdom,129
hollywood news,hollywood news,129
imagism,imagism,129
visualization,visualization,128
ferrari,ferrari,126
ukraine crisis,ukraine crisis,126
festival,festival,126
hult,hult,125
movie review,movie review,124
healthcare,healthcare,124
fashion update,fashion update,124
art show,art show,124
social media,social media,122
meme,meme,122
contemporary afghanistan,contemporary afghanistan,122
paris saint germain,paris saint germain,122
lionel messi,lionel messi,122
veganism,veganism,122
women's rights,women's rights,121
hollywood life,hollywood life,121
wimbledon,wimbledon,120
peace,peace,120
friendship,friendship,120
cinema,cinema,119
animals,animals,119
diary of a cop,diary of a cop,119
#pixstorypolitics,#pixstorypolitics,118
wildlife,wildlife,117
wwe,wwe,117
atalanta,atalanta,117
relatable,relatable,116
spain,spain,114
motivation,motivation,114
book reading,book reading,114
women,women,113
messi,messi,111
hollywood movie,hollywood movie,111
college life umang,college life umang,111
stories,stories,110
war,war,109
badminton,badminton,108
entertainment news,entertainment news,108
cooking,cooking,107
jyotish gems,jyotish gems,107
painting,painting,106
monsoonfood,monsoonfood,106
dogs,dogs,105
psychology,psychology,105
music therapy,music therapy,105
clouds,clouds,105
indian football,indian football,105
traveling,traveling,104
enactusmsc,enactusmsc,104
russia-ukraine border,russia-ukraine border,103
human rights,human rights,103
blog,blog,103
dcac,dcac,103
media,media,101
religion,religion,101
mumbai,mumbai,101
#woman,#woman,101
foods,foods,100
hollywoodnews,hollywoodnews,100
new york city,new york city,100
europa league,europa league,100
coronavirus,coronavirus,99
nature's beauty,nature's beauty,99
health research,health research,98
#womans health,#womans health,98
lgbtqia,lgbtqia,97
cars,cars,97
crime,crime,96
poem,poem,96
kamala harris,kamala harris,95
mountains,mountains,94
dance,dance,94
#food,#food,94
manchesterunited,manchesterunited,94
yoga,yoga,93
children,children,93
abortion rights,abortion rights,93
football love,football love,93
#monsoonfood,#monsoonfood,93
subhamita sarkar,subhamita sarkar,93
#healthyfood,#healthyfood,92
skincare,skincare,92
family,family,91
sexual health,sexual health,91
unicef,unicef,91
kpop,kpop,91
jaagriti,jaagriti,91
assembly elections 2022,assembly elections 2022,90
musica,musica,90
hollywood actor,hollywood actor,90
bundesliga,bundesliga,90
tottenham hotspur,tottenham hotspur,90
feature,feature,90
gun control,gun control,89
meditation,meditation,89
beautiful,beautiful,89
k-pop,k-pop,89
questsggscc,questsggscc,89
rain,rain,88
quotes,quotes,88
music producer,music producer,88
oscars,oscars,87
amarnath yatra,amarnath yatra,87
paksafghangambit,paksafghangambit,87
healthy lifestyle,healthy lifestyle,87
djokovic,djokovic,87
agartala,agartala,86
neymar,neymar,86
quest,quest,86
freedom,freedom,85
lebron james,lebron james,85
music on pixstory,music on pixstory,85
arte,arte,85
diet tips,diet tips,84
fitness,fitness,84
school,school,83
#foodie,#foodie,83
trees,trees,82
sex education,sex education,82
pixstory vibe,pixstory vibe,82
trending,trending,82
self love,self love,81
laliga,laliga,81
rotaractdel,rotaractdel,81
gujarat,gujarat,80
celebrity,celebrity,80
emirate islamic taliban,emirate islamic taliban,80
awareness,awareness,80
kerala,kerala,79
diet talk,diet talk,79
sports news,sports news,79
thriller,thriller,79
uefa champions league,uefa champions league,79
artist,artist,78
home,home,78
lazio,lazio,78
novels,novels,78
writing,writing,77
healthy,healthy,77
christianity,christianity,77
action,action,77
milano,milano,77
championsleague,championsleague,77
tech news daily,tech news daily,77
daily tech news,daily tech news,77
weather,weather,76
europe,europe,76
commonwealth games,commonwealth games,76
2022,2022,76
ai,ai,76
inspiration,inspiration,76
women's football,women's football,76
foreign policy,foreign policy,76
valentinememe,valentinememe,75
#nature,#nature,75
tottenham,tottenham,75
pixstoryapp,pixstoryapp,74
united nations,united nations,74
healthy food,healthy food,74
chandigarh,chandigarh,74
manchestercity,manchestercity,74
vladimir putin,vladimir putin,73
transgender healthcare,transgender healthcare,73
pandemic,pandemic,73
america,america,73
bookworm,bookworm,73
book review,book review,73
afghan women,afghan women,73
hollywood movies,hollywood movies,73
transfer,transfer,73
#mental health,#mental health,73
sports enthusiast,sports enthusiast,73
marvel superheroes,marvel superheroes,73
serene,serene,73
nadal,nadal,72
new zealand,new zealand,72
happiness,happiness,72
native americans,native americans,72
music talent on pixstory,music talent on pixstory,72
alia bhatt,alia bhatt,72
torino,torino,72
putin,putin,71
everton,everton,71
real madrid fc,real madrid fc,71
environmental conservation,environmental conservation,70
comhrc,comhrc,70
animelove,animelove,70
humour,humour,69
pixstory office,pixstory office,69
japan,japan,69
foodies,foodies,69
audience,audience,69
natural beauty,natural beauty,69
#cybersecurity,#cybersecurity,69
basket,basket,69
marvel studios,marvel studios,69
black lives matter,black lives matter,68
study,study,68
ronaldo,ronaldo,68
germany,germany,67
world cup,world cup,67
strongarguments,strongarguments,67
entertainment blog,entertainment blog,67
arsenal football club,arsenal football club,67
elections,elections,66
adventure,adventure,66
punjab,punjab,66
nature walk,nature walk,66
neeraj shekhar,neeraj shekhar,66
kylian mbappe,kylian mbappe,66
moda,moda,66
novel,novel,66
manchester united fc,manchester united fc,66
comsoccvs,comsoccvs,66
realmadrid,realmadrid,66
monsoon food,monsoon food,66
paris,paris,65
cats,cats,65
philosophy,philosophy,65
games,games,65
fifa world cup,fifa world cup,65
#breastfeeding,#breastfeeding,65
roland garros,roland garros,65
paris saint-germain,paris saint-germain,65
atletico madrid,atletico madrid,65
republic day,republic day,64
fun,fun,64
omicron,omicron,64
twitter,twitter,64
ipl,ipl,64
london,london,64
sinner,sinner,64
afc,afc,64
liverpool fc,liverpool fc,64
chelseafc,chelseafc,64
barcellona,barcellona,64
gender,gender,63
meghalaya,meghalaya,63
#breastfeeding mother,#breastfeeding mother,63
instagram,instagram,62
fit check,fit check,62
hollywood dreams,hollywood dreams,62
deepa malik,deepa malik,62
brazil,brazil,61
nature love,nature love,61
mental peace,mental peace,61
sports,sports,61
music talent,music talent,61
barcelona fc,barcelona fc,61
valentino,valentino,61
pechino 2022,pechino 2022,61
memories,memories,60
plants,plants,60
para athletes,para athletes,60
wrestling,wrestling,60
health news,health news,60
erik ten hag,erik ten hag,60
movieoftheday,movieoftheday,60
water,water,59
oscars2022,oscars2022,59
wellness,wellness,59
moon,moon,59
taliban attacks,taliban attacks,59
ligue 1,ligue 1,59
uttar pradesh,uttar pradesh,58
animal lover,animal lover,58
psg feminine,psg feminine,58
dancing,dancing,58
#foodgram,#foodgram,58
tour de france,tour de france,58
bible,bible,58
trekking,trekking,57
amit shah,amit shah,57
controversy,controversy,57
lake,lake,57
olimpiadi invernali,olimpiadi invernali,57
life quotes,life quotes,57
#movie,#movie,57
#trending,#trending,57
umang,umang,57
coffee,coffee,56
god,god,56
breastfeeding week,breastfeeding week,56
buddhism,buddhism,56
manga,manga,56
flower,flower,56
#life,#life,56
#healthylife,#healthylife,56
ducati,ducati,56
lgbt community,lgbt community,55
arts,arts,55
ukrainian,ukrainian,55
netflix and chill,netflix and chill,55
earth,earth,55
equality,equality,55
event profs,event profs,55
birthday,birthday,55
tuffman,tuffman,55
mikel arteta,mikel arteta,55
foodtechlic,foodtechlic,55
eartha,eartha,55
elon musk,elon musk,54
trans athletes,trans athletes,54
lgbtq community,lgbtq community,54
uk,uk,54
sri lanka,sri lanka,54
ott,ott,54
food photography,food photography,54
hollywood series,hollywood series,54
coppa italia,coppa italia,54
ac milan,ac milan,54
fantasy,fantasy,54
fiorentina,fiorentina,54
nssggs,nssggs,54
#india,#india,54
argentina,argentina,53
law,law,53
virat kohli,virat kohli,53
astrology,astrology,53
elections 2022,elections 2022,53
movies that move you,movies that move you,53
ukraina,ukraina,53
latest news,latest news,53
football tactics,football tactics,53
lgbtqi,lgbtqi,52
rahul gandhi,rahul gandhi,52
covid vaccine,covid vaccine,52
marketing,marketing,52
delhi events,delhi events,52
olympics,olympics,52
heritage,heritage,52
drawing,drawing,52
topstories,topstories,52
salernitana,salernitana,52
indian cricket,indian cricket,52
#news,#news,52
happyclub,happyclub,52
marvelcomics,marvelcomics,52
collegelife,collegelife,52
schools,schools,51
qatar,qatar,51
us,us,51
taliban,taliban,51
series,series,51
support,support,51
russia military exercises,russia military exercises,51
biography,biography,51
ucraina war,ucraina war,51
charles leclerc,charles leclerc,51
pm modi,pm modi,51
pixstoryarsenal,pixstoryarsenal,51
yashiika,yashiika,51
pride month,pride month,50
relationship,relationship,50
birds,birds,50
thoughts,thoughts,50
entertainment travelling,entertainment travelling,50
fa cup,fa cup,50
sassuolo,sassuolo,50
berrettini,berrettini,50
cafe,cafe,50
lata mangeshkar,lata mangeshkar,49
summer,summer,49
comedy,comedy,49
current affairs,current affairs,49
disney,disney,49
healthy eating,healthy eating,49
omicron variant of covid-19,omicron variant of covid-19,49
beach,beach,49
hockey,hockey,49
fashion week,fashion week,49
guerra in ucraina,guerra in ucraina,49
yuvaan,yuvaan,49
#photography,#photography,49
manchester,manchester,49
#movie #movie lovers,#movie #movie lovers,49
#movies,#movies,49
breastfeeding,breastfeeding,48
celebration,celebration,48
climate action,climate action,48
gym,gym,48
animal rights,animal rights,48
songs,songs,48
oscars nominations,oscars nominations,48
swimming,swimming,48
travelling,travelling,48
formula1,formula1,48
women's health,women's health,48
selfcare,selfcare,48
real madrid cf,real madrid cf,48
latest,latest,48
guwahati,guwahati,48
formula e,formula e,48
knicks,knicks,48
advertising,advertising,47
boxing,boxing,47
history,history,47
dietary guidelines,dietary guidelines,47
singing,singing,47
happy,happy,47
climate crisis,climate crisis,47
reproductive health,reproductive health,47
nuoto,nuoto,47
as roma,as roma,47
consumerism,consumerism,47
hindi songs,hindi songs,47
trek,trek,47
work,work,46
racism,racism,46
exercise,exercise,46
travel photographer,travel photographer,46
itbp,itbp,46
european union,european union,46
corona,corona,46
food blogger,food blogger,46
gucci,gucci,46
#love,#love,46
netflix series,netflix series,46
comspectlbc,comspectlbc,46
season review,season review,46
healthy life,healthy life,46
#poem #musings as a writer #entertainment #poetry,#poem #musings as a writer #entertainment #poetry,46
pixstory pro,pixstory pro,45
nba playoffs,nba playoffs,45
movie poster,movie poster,45
space,space,45
earth day,earth day,45
ligue1,ligue1,45
football fields,football fields,45
geocrusaders,geocrusaders,45
anime/series,anime/series,45
transcare,transcare,45
#moviebuff,#moviebuff,45
senseofomar,senseofomar,45
cycling,cycling,44
assembly elections,assembly elections,44
spirituality,spirituality,44
photo,photo,44
mbappe,mbappe,44
temples,temples,44
entertainments,entertainments,44
bts army,bts army,44
netflix originals,netflix originals,44
debsocmh,debsocmh,44
transcare conference,transcare conference,44
pride,pride,43
pollution,pollution,43
beijing 2022,beijing 2022,43
business,business,43
netflix show,netflix show,43
covid 19 strain,covid 19 strain,43
architecture,architecture,43
prada,prada,43
afghanistn,afghanistn,43
ranbir kapoor,ranbir kapoor,43
netflix movie,netflix movie,43
#sports,#sports,43
monsoon,monsoon,43
scenery,scenery,43
night,night,43
bologna,bologna,43
borussia dortmund,borussia dortmund,43
giro d'italia,giro d'italia,43
scenic,scenic,43
#quotes,#quotes,43
atletica leggera,atletica leggera,43
covid vaccines,covid vaccines,42
funny,funny,42
vegan,vegan,42
russian aggression,russian aggression,42
cat,cat,42
rugby,rugby,42
taylor swift,taylor swift,42
brentford,brentford,42
view,view,42
atletica,atletica,42
bayern munich,bayern munich,42
cosmos,cosmos,42
#celebrity,#celebrity,42
earthday2022,earthday2022,42
#bjp,#bjp,42
dog lovers,dog lovers,41
health covid-19,health covid-19,41
university,university,41
ladakh,ladakh,41
facts,facts,41
communication,communication,41
#poem #poetry #entertainment #musings #art #stories,#poem #poetry #entertainment #musings #art #stories,41
outfit,outfit,41
black,black,41
archaeology,archaeology,41
balenciaga,balenciaga,41
dybala,dybala,41
bookworms,bookworms,41
#congress,#congress,41
world cup 2022,world cup 2022,40
cancer,cancer,40
environment friendly,environment friendly,40
positivity,positivity,40
nato,nato,40
climate,climate,40
chocolate,chocolate,40
fifa world cup 2022,fifa world cup 2022,40
politics,politics,40
creativity,creativity,40
temple,temple,40
monza,monza,40
bayern monaco,bayern monaco,40
outfit inspiration,outfit inspiration,40
#moviepromotions,#moviepromotions,40
do suksham vyayam,do suksham vyayam,40
independence,independence,39
science and technology,science and technology,39
baking,baking,39
pixstory app,pixstory app,39
roe v. wade,roe v. wade,39
portugal,portugal,39
learning,learning,39
indian,indian,39
lakes,lakes,39
strong arguments,strong arguments,39
newcastle united,newcastle united,39
transfer market,transfer market,39
animelife,animelife,39
sfs arsd,sfs arsd,39
terphrc,terphrc,39
#poetry,#poetry,39
gender equality,gender equality,38
varanasi,varanasi,38
kolkata,kolkata,38
tv,tv,38
supreme court,supreme court,38
trump,trump,38
himachal pradesh,himachal pradesh,38
manipur,manipur,38
ukrainian president volodymyr zelensky,ukrainian president volodymyr zelensky,38
russia clampdown,russia clampdown,38
college students,college students,38
harry styles,harry styles,38
motivational quotes,motivational quotes,38
neeraj kumar,neeraj kumar,38
dial d for don,dial d for don,38
success,success,38
venezia,venezia,38
ajax,ajax,38
korean,korean,38
conference league,conference league,38
jannik sinner,jannik sinner,38
transfer talks,transfer talks,38
fcbarcelona,fcbarcelona,38
greenery,greenery,38
#cricket,#cricket,38
football analysis,football analysis,38
#inglu,#inglu,38
arsenalonpixstory,arsenalonpixstory,38
national league,national league,38
#collegelife,#collegelife,38
campus life,campus life,38
moments of mine,moments of mine,38
story,story,37
oscar,oscar,37
street food,street food,37
women at work,women at work,37
volleyball,volleyball,37
global warming,global warming,37
women's autonomy,women's autonomy,37
youtube,youtube,37
indian army,indian army,37
movie star,movie star,37
mental health day,mental health day,37
beaches,beaches,37
love yourself,love yourself,37
army,army,37
fifaworldcup,fifaworldcup,37
siccit√†,siccit√†,37
mcu,mcu,37
marcell jacobs,marcell jacobs,37
#bollywood movie #bhoolbhulaiyaa2,#bollywood movie #bhoolbhulaiyaa2,37
indigenous people,indigenous people,37
#brahmastra,#brahmastra,37
inflation,inflation,36
earth day 2022,earth day 2022,36
max verstappen,max verstappen,36
dwight howard,dwight howard,36
washington dc,washington dc,36
republicans,republicans,36
quote,quote,36
new york,new york,36
golf,golf,36
healthy body,healthy body,36
netflix update,netflix update,36
russian mafia,russian mafia,36
sleep,sleep,36
dietician,dietician,36
movie of the day,movie of the day,36
batman,batman,36
srinagar,srinagar,36
culture and traditions,culture and traditions,36
lukaku,lukaku,36
#foodislove,#foodislove,36
#sky,#sky,36
morning,morning,35
terrorism,terrorism,35
who,who,35
gun laws,gun laws,35
people,people,35
ukraine aggression,ukraine aggression,35
valentine's day,valentine's day,35
gun violence,gun violence,35
international affairs,international affairs,35
waterfall,waterfall,35
consumer rights,consumer rights,35
manchester united women,manchester united women,35
sunrise,sunrise,35
#meme,#meme,35
carlo ancelotti,carlo ancelotti,35
acmilan,acmilan,35
antonio conte,antonio conte,35
teerthg,teerthg,35
ishakhanna,ishakhanna,35
do yogasan,do yogasan,35
 premierleague, premierleague,35
tea,tea,34
marriage,marriage,34
election,election,34
scuderia ferrari,scuderia ferrari,34
ucl,ucl,34
apple,apple,34
kim kardashian,kim kardashian,34
holi,holi,34
iran,iran,34
facebook,facebook,34
novak djokovic,novak djokovic,34
commonwealth games 2022,commonwealth games 2022,34
google,google,34
let's discuss mental health,let's discuss mental health,34
knowledge,knowledge,34
cake,cake,34
breastfeeding awareness,breastfeeding awareness,34
#happiness,#happiness,34
mental health for youngsters,mental health for youngsters,34
sweets,sweets,34
leclerc,leclerc,34
udinese,udinese,34
southampton,southampton,34
#foodislife,#foodislife,34
arsenal fc,arsenal fc,34
europaleague,europaleague,34
wedding,wedding,33
pizza,pizza,33
red bull,red bull,33
athletics,athletics,33
nitish kumar,nitish kumar,33
imran khan,imran khan,33
winter olympics,winter olympics,33
covid news,covid news,33
life lessons,life lessons,33
mental well being,mental well being,33
anxiety,anxiety,33
us politics,us politics,33
sports photography,sports photography,33
football ü•Ö,football ü•Ö,33
film,film,33
blackpink,blackpink,33
running,running,33
judo,judo,33
isl,isl,33
dc,dc,33
fifa world cup qualifiers,fifa world cup qualifiers,33
mohamed salah,mohamed salah,33
inter milan,inter milan,33
paris fashion week,paris fashion week,33
serie b,serie b,33
alcaraz,alcaraz,33
spezia,spezia,33
upcoming,upcoming,33
sun,sun,33
cwg22,cwg22,33
krishna,krishna,33
sketching,sketching,33
#fundvertise,#fundvertise,33
#quote,#quote,33
uk politics,uk politics,33
us government,us government,32
lgbtiqa+,lgbtiqa+,32
vaccine,vaccine,32
internet,internet,32
fruits,fruits,32
salman rushdie,salman rushdie,32
lewis hamilton,lewis hamilton,32
police,police,32
nfl,nfl,32
cybersecurity,cybersecurity,32
gardening,gardening,32
information,information,32
sunset picture,sunset picture,32
sunset photography,sunset photography,32
student,student,32
television,television,32
afghanistan war,afghanistan war,32
journey,journey,32
#pregnancy,#pregnancy,32
spurs,spurs,32
sampdoria,sampdoria,32
bayern munich fc,bayern munich fc,32
aiff,aiff,32
resurgent india,resurgent india,32
flower photography,flower photography,32
 football, football,32
gender identity,gender identity,31
snow,snow,31
yoga day,yoga day,31
mother,mother,31
photos,photos,31
#instagram,#instagram,31
diet talks,diet talks,31
fiction,fiction,31
public health,public health,31
depression,depression,31
monday motivation,monday motivation,31
science journal,science journal,31
music streaming,music streaming,31
brahmastra,brahmastra,31
festival vibe,festival vibe,31
fashion blogger,fashion blogger,31
slumsoccer,slumsoccer,31
salute,salute,31
ambiente,ambiente,31
european football,european football,31
vogue,vogue,31
casemiro,casemiro,31
mondiali calcio,mondiali calcio,31
karim benzema,karim benzema,31
mizoram,mizoram,31
animes,animes,31
shoes,shoes,31
#movie promotion,#movie promotion,31
biden,biden,30
gender binary,gender binary,30
world environment day,world environment day,30
finance,finance,30
world,world,30
automobiles,automobiles,30
uttarakhand,uttarakhand,30
birmingham 2022,birmingham 2022,30
self care,self care,30
animals and nature,animals and nature,30
school students,school students,30
design,design,30
sportspersons,sportspersons,30
writing community,writing community,30
pets,pets,30
harry potter,harry potter,30
football members,football members,30
motivational,motivational,30
esports,esports,30
article14live,article14live,30
unicef helps children,unicef helps children,30
paul pogba,paul pogba,30
ootd,ootd,30
music art ppl,music art ppl,30
gabriel jesus,gabriel jesus,30
leeds united,leeds united,30
pogba,pogba,30
cagliari,cagliari,30
thomas tuchel,thomas tuchel,30
arteta,arteta,30
cute,cute,30
campus diaries,campus diaries,30
#wdchrc,#wdchrc,30
melania trump,melania trump,30
#celebrity fashion,#celebrity fashion,30
american literature,american literature,30
melbourne,melbourne,30
#celebrityll,#celebrityll,30
dog,dog,29
review,review,29
mother's day,mother's day,29
bike,bike,29
rihanna,rihanna,29
films,films,29
pixstory office ‚ù§Ô∏è,pixstory office ‚ù§Ô∏è,29
chess,chess,29
boris johnson,boris johnson,29
singer,singer,29
life living happiness,life living happiness,29
game,game,29
